Date,Open,High,Low,Close,Volume,Dividends,Stock Splits
2026-06-10,998.0999755859375,1009.4000244140625,993.0,1000.7000122070312,13773978,0.0,0.0
2026-06-11,1018.0,1018.7000122070312,1004.3499755859375,1017.1500244140625,11081119,0.0,0.0
2026-06-14,1034.0,1034.0,1018.5,1020.8499755859375,12463437,0.0,0.0
2026-06-15,1023.7999877929688,1026.550048828125,1007.4000244140625,1015.2999877929688,9693677,0.0,0.0
2026-06-16,1017.0,1028.0999755859375,1013.4500122070312,1026.5,8190062,0.0,0.0
2026-06-17,1027.9000244140625,1045.699951171875,1024.449951171875,1042.699951171875,11048009,0.0,0.0
2026-06-18,1042.0,1042.0,1029.300048828125,1035.0999755859375,9099878,0.0,0.0
2026-06-21,1038.0,1043.0,1033.5999755859375,1040.75,6209440,0.0,0.0
2026-06-22,1041.0,1045.5,1022.3499755859375,1024.199951171875,10411004,0.0,0.0
2026-06-23,1024.0,1044.5,1020.5,1034.5999755859375,11724076,0.0,0.0
2026-06-24,1040.0,1055.4000244140625,1038.550048828125,1045.4000244140625,16002360,0.0,0.0
2026-06-25,1045.4000244140625,1045.4000244140625,1045.4000244140625,1045.4000244140625,0,0.0,0.0
2026-06-28,1044.449951171875,1046.4000244140625,1030.8499755859375,1036.0999755859375,16818246,0.0,0.0
2026-06-29,1040.0,1044.0,1025.050048828125,1026.9000244140625,11161643,0.0,0.0
2026-06-30,1031.0,1049.9000244140625,1025.5,1047.4000244140625,6295315,0.0,0.0
2026-07-01,1050.9000244140625,1059.800048828125,1045.0,1051.5999755859375,14682790,0.0,0.0
2026-07-02,1055.0,1057.0,1034.5,1040.0,10441493,0.0,0.0
2026-07-05,1041.9000244140625,1048.4000244140625,1036.5,1037.699951171875,8761017,0.0,0.0
2026-07-06,1039.300048828125,1049.5999755859375,1035.5,1038.0999755859375,11053574,0.0,0.0
2026-07-07,1029.5999755859375,1038.300048828125,1011.7000122070312,1016.9000244140625,14141694,0.0,0.0
2026-07-08,1019.7999877929688,1031.699951171875,1019.2999877929688,1022.0999755859375,7661699,0.0,0.0
2026-07-09,1029.5,1047.800048828125,1023.5,1036.0,8792150,0.0,0.0
2026-07-12,1023.5,1042.9000244140625,1022.0999755859375,1037.0,8381510,0.0,0.0
2026-07-13,1033.300048828125,1033.699951171875,1011.4000244140625,1015.4000244140625,11562326,0.0,0.0
2026-07-14,1015.5,1036.0,1013.7000122070312,1030.0999755859375,14275394,0.0,0.0
2026-07-15,1030.0999755859375,1036.0,1027.300048828125,1031.199951171875,7708316,0.0,0.0
2026-07-16,1030.5999755859375,1048.0,1028.300048828125,1044.300048828125,8452780,0.0,0.0
2026-07-19,1041.5999755859375,1065.0,1038.300048828125,1060.0,16540411,0.0,0.0
2026-07-20,1056.199951171875,1067.0,1042.800048828125,1044.4000244140625,10514887,0.0,0.0
2026-07-21,1044.4000244140625,1044.4000244140625,1019.2000122070312,1025.0,11227214,0.0,0.0
2026-07-22,1022.0,1023.0999755859375,1006.5,1012.5999755859375,8910230,0.0,0.0
2026-07-23,1006.0,1017.7999877929688,1000.7999877929688,1015.0,13797053,0.0,0.0
2026-07-26,1020.2999877929688,1023.7000122070312,1015.9000244140625,1020.5999755859375,6093002,0.0,0.0
2026-07-27,1018.0,1022.0,1008.2999877929688,1013.2000122070312,9873370,0.0,0.0
2026-07-28,1020.0,1020.2000122070312,1012.0,1013.7000122070312,4792964,0.0,0.0
2026-07-29,1013.5,1028.300048828125,1007.5999755859375,1025.300048828125,6847458,0.0,0.0
2026-07-30,1028.0999755859375,1034.300048828125,1023.5,1027.4000244140625,10921417,0.0,0.0
2026-08-02,1035.0,1051.5,1031.5999755859375,1045.0,10507450,0.0,0.0
2026-08-03,1047.5999755859375,1047.5999755859375,1030.9000244140625,1042.699951171875,8544184,0.0,0.0
2026-08-04,1043.0,1055.0,1040.300048828125,1055.0,8707119,0.0,0.0
2026-08-05,1052.5,1088.0999755859375,1052.5,1085.0,13822265,0.0,0.0
2026-08-06,1080.0999755859375,1124.5,1075.699951171875,1097.199951171875,29410622,0.0,0.0
2026-08-09,1108.0,1113.300048828125,1068.5999755859375,1071.0,16623448,0.0,0.0
2026-08-10,1071.0,1071.0,1060.4000244140625,1066.0,9456913,0.0,0.0
2026-08-11,1066.0,1085.5,1066.0,1082.0,17673922,0.0,0.0
2026-08-12,1083.0,1086.800048828125,1073.0,1083.0,9502483,0.0,0.0
2026-08-13,1082.0,1082.0,1065.0999755859375,1067.699951171875,6273501,0.0,0.0
2026-08-16,1064.199951171875,1068.800048828125,1052.4000244140625,1061.199951171875,7039473,0.0,0.0
2026-08-17,1059.5999755859375,1067.699951171875,1053.0,1053.0,5583771,0.0,0.0
2026-08-18,1053.199951171875,1054.800048828125,1041.4000244140625,1048.5999755859375,7182636,0.0,0.0
2026-08-19,1052.9000244140625,1052.9000244140625,1045.699951171875,1048.0,5879949,0.0,0.0
2026-08-20,1052.699951171875,1054.699951171875,1040.0999755859375,1048.699951171875,6534213,0.0,0.0
2026-08-23,1047.9000244140625,1047.9000244140625,1032.0999755859375,1039.5,8868193,0.0,0.0
2026-08-24,1036.0,1048.0,1031.300048828125,1048.0,9982723,0.0,0.0
2026-08-25,1051.4000244140625,1062.300048828125,1051.199951171875,1052.0,5858099,0.0,0.0
2026-08-26,1052.0,1054.4000244140625,1042.9000244140625,1042.9000244140625,4788716,0.0,0.0
2026-08-27,1046.0,1051.199951171875,1040.5,1047.5,4969272,0.0,0.0
2026-08-30,1041.199951171875,1060.0,1034.5,1060.0,5138732,0.0,0.0
2026-08-31,1051.300048828125,1051.300048828125,1027.0999755859375,1034.5,7605132,0.0,0.0
2026-09-01,1026.0,1035.300048828125,1017.2999877929688,1020.9000244140625,13843678,0.0,0.0
2026-09-02,1028.9000244140625,1036.0,1021.0999755859375,1023.4000244140625,7371804,0.0,0.0
2026-09-03,1026.0,1029.199951171875,1016.0999755859375,1016.0999755859375,6724566,0.0,0.0
2026-09-06,1020.7999877929688,1021.7000122070312,1000.5999755859375,1005.9000244140625,10220001,0.0,0.0
2026-09-07,1004.9000244140625,1011.2000122070312,1002.0999755859375,1008.0,7084768,0.0,0.0
2026-09-08,999.0,1012.2000122070312,992.4000244140625,1000.5,7091386,0.0,0.0
2026-09-09,1002.0,1011.9000244140625,1001.0,1009.7000122070312,5504031,0.0,0.0
2026-09-10,1000.0,1001.9000244140625,993.0,995.7000122070312,7771109,0.0,0.0
